Student ID,Date,Class Time,Attendance Status,Stress Level (GSR),Sleep Hours,Anxiety Level,Mood Score,Risk Level
1,12/1/2024,9:00-15:00,Late,0.92,7.6,6,6,Low
1,12/2/2024,8:00-16:00,Late,1.17,6.0,,2,Medium
1,12/3/2024,11:00-14:00,Late,4.56,6.3,4,8,High
1,12/4/2024,11:00-16:00,Late,3.07,9.0,2,10,Low
1,12/5/2024,9:00-13:00,Absent,3.93,7.4,9,4,High
1,12/6/2024,8:00-14:00,Present,4.96,6.6,5,9,High
1,12/7/2024,11:00-15:00,Absent,2.93,6.8,4,,High
1,12/8/2024,8:00-15:00,Absent,2.17,8.4,9,9,High
1,12/9/2024,11:00-13:00,Absent,4.4,5.9,4,4,High
1,12/10/2024,9:00-16:00,Late,1.44,7.7,,7,Low
1,12/11/2024,10:00-16:00,Present,3.79,6.2,5,4,High
1,12/12/2024,8:00-12:00,Absent,4.82,8.3,1,8,High
1,12/13/2024,8:00-12:00,Late,3.29,5.0,2,2,Medium
1,12/14/2024,11:00-12:00,Present,2.87,7.9,1,9,Low
1,12/15/2024,10:00-16:00,Absent,3.37,8.3,10,10,High
1,12/16/2024,10:00-16:00,Present,4.48,6.5,,,High
1,12/17/2024,9:00-14:00,Present,2.92,6.0,8,1,Medium
1,12/18/2024,8:00-15:00,Present,3.2,5.8,1,3,Medium
1,12/19/2024,11:00-13:00,Present,2.35,6.6,5,4,Low
1,12/20/2024,10:00-13:00,Late,4.09,7.2,,4,High
1,12/21/2024,8:00-14:00,Absent,2.92,5.5,9,1,High
1,12/22/2024,9:00-12:00,Late,3.29,7.8,,9,Low
1,12/23/2024,9:00-14:00,Present,1.34,7.8,7,7,Low
1,12/24/2024,10:00-14:00,Late,0.51,6.4,4,6,Low
1,12/25/2024,9:00-16:00,Late,2.45,6.6,6,7,Low
1,12/26/2024,11:00-12:00,Present,2.9,7.2,10,,Medium
1,12/27/2024,11:00-12:00,Absent,1.89,7.0,10,6,High
1,12/28/2024,8:00-13:00,Present,0.72,5.5,1,8,Low
1,12/29/2024,11:00-12:00,Late,4.94,6.6,2,3,High
1,12/30/2024,10:00-16:00,Present,4.62,6.6,9,8,High
2,12/1/2024,10:00-12:00,Present,4.04,6.9,7,9,High
2,12/2/2024,9:00-12:00,Absent,2.92,8.9,8,3,High
2,12/3/2024,9:00-16:00,Late,1.87,8.9,1,10,Low
2,12/4/2024,11:00-12:00,Present,4.33,8.9,,4,High
2,12/5/2024,8:00-13:00,Late,3.27,6.8,5,2,Medium
2,12/6/2024,10:00-12:00,Absent,1.39,7.1,4,7,High
2,12/7/2024,10:00-15:00,Late,2.04,5.4,5,2,Medium
2,12/8/2024,10:00-16:00,Absent,0.7,8.6,6,10,High
2,12/9/2024,11:00-12:00,Late,1.91,8.6,2,4,Low
2,12/10/2024,8:00-14:00,Late,1.89,6.2,3,9,Low
2,12/11/2024,8:00-15:00,Late,4.58,6.2,2,6,High
2,12/12/2024,11:00-15:00,Present,0.55,7.2,6,4,Low
2,12/13/2024,8:00-14:00,Absent,2.64,7.5,7,5,High
2,12/14/2024,8:00-15:00,Absent,4.37,5.4,7,4,High
2,12/15/2024,10:00-16:00,Present,2.16,8.5,4,7,Low
2,12/16/2024,9:00-15:00,Present,3.93,8.6,6,1,High
2,12/17/2024,8:00-12:00,Absent,0.55,6.6,10,8,High
2,12/18/2024,11:00-16:00,Late,3.09,5.0,4,8,Low
2,12/19/2024,11:00-14:00,Present,2.53,5.9,5,8,Low
2,12/20/2024,8:00-14:00,Absent,4.84,7.1,7,6,High
2,12/21/2024,9:00-15:00,Late,4.69,6.1,1,2,High
2,12/22/2024,10:00-12:00,Absent,4.46,6.3,10,3,High
2,12/23/2024,10:00-12:00,Absent,4.29,5.4,1,10,High
2,12/24/2024,11:00-15:00,Present,1.2,5.8,6,10,Low
2,12/25/2024,8:00-14:00,Late,0.94,5.3,5,5,Low
2,12/26/2024,11:00-16:00,Present,1.53,6.8,1,9,Low
2,12/27/2024,11:00-13:00,Late,2.67,5.4,4,7,Low
2,12/28/2024,11:00-13:00,Present,1.06,5.9,7,9,Low
2,12/29/2024,10:00-16:00,Absent,1.06,6.9,7,8,High
2,12/30/2024,11:00-12:00,Late,2.0,7.0,4,4,Low
3,12/1/2024,10:00-16:00,Present,2.56,7.2,8,9,Medium
3,12/2/2024,9:00-13:00,Late,2.6,6.0,4,6,Low
3,12/3/2024,8:00-12:00,Late,2.45,8.7,2,8,Low
3,12/4/2024,8:00-14:00,Absent,4.1,5.4,6,6,High
3,12/5/2024,10:00-15:00,Absent,1.9,6.2,7,5,High
3,12/6/2024,8:00-14:00,Late,2.28,7.7,9,3,Medium
3,12/7/2024,9:00-15:00,Present,4.79,8.5,4,4,High
3,12/8/2024,9:00-15:00,Absent,2.16,8.1,3,1,High
3,12/9/2024,9:00-15:00,Late,3.37,8.6,9,9,Medium
3,12/10/2024,8:00-16:00,Late,4.72,7.4,4,3,High
3,12/11/2024,8:00-15:00,Late,4.66,7.8,8,7,High
3,12/12/2024,8:00-12:00,Present,1.65,7.3,8,7,Medium
3,12/13/2024,8:00-13:00,Present,0.96,8.0,8,4,Medium
3,12/14/2024,8:00-12:00,Present,2.76,8.5,6,8,Low
3,12/15/2024,10:00-12:00,Absent,3.39,8.4,6,3,High
3,12/16/2024,8:00-16:00,Late,4.3,8.8,9,10,High
3,12/17/2024,9:00-14:00,Late,3.95,8.8,4,8,High
3,12/18/2024,11:00-15:00,Absent,4.96,5.6,1,8,High
3,12/19/2024,9:00-12:00,Present,1.55,8.2,10,7,Medium
3,12/20/2024,8:00-15:00,Absent,1.27,7.7,8,2,High
3,12/21/2024,9:00-15:00,Late,1.64,6.1,1,9,Low
3,12/22/2024,9:00-12:00,Present,4.11,7.2,7,8,High
3,12/23/2024,10:00-15:00,Present,4.52,5.0,9,8,High
3,12/24/2024,10:00-12:00,Present,1.55,7.8,6,9,Low
3,12/25/2024,8:00-14:00,Absent,2.69,9.0,1,6,High
3,12/26/2024,8:00-13:00,Present,3.76,7.9,1,3,High
3,12/27/2024,11:00-13:00,Present,2.64,8.4,7,5,Low
3,12/28/2024,11:00-16:00,Absent,4.16,6.1,10,4,High
3,12/29/2024,9:00-15:00,Present,0.59,6.2,3,4,Low
3,12/30/2024,8:00-15:00,Late,4.23,5.4,2,3,High
4,12/1/2024,10:00-14:00,Late,4.79,7.1,6,6,High
4,12/2/2024,10:00-12:00,Present,3.82,5.3,5,6,High
4,12/3/2024,9:00-12:00,Late,1.82,6.0,4,9,Low
4,12/4/2024,8:00-12:00,Late,0.67,8.5,10,8,Medium
4,12/5/2024,10:00-12:00,Absent,1.72,6.7,7,9,High
4,12/6/2024,8:00-12:00,Present,1.96,6.7,10,4,Medium
4,12/7/2024,9:00-12:00,Absent,1.94,6.1,7,5,High
4,12/8/2024,8:00-16:00,Absent,4.09,5.5,8,2,High
4,12/9/2024,8:00-14:00,Absent,0.57,7.1,1,5,High
4,12/10/2024,10:00-16:00,Present,2.75,8.0,4,6,Low
4,12/11/2024,9:00-16:00,Late,3.56,5.2,1,3,High
4,12/12/2024,8:00-14:00,Late,4.75,7.7,1,4,High
4,12/13/2024,11:00-14:00,Present,3.89,5.0,6,2,High
4,12/14/2024,9:00-16:00,Late,4.28,8.1,10,3,High
4,12/15/2024,11:00-14:00,Late,1.01,8.7,4,8,Low
4,12/16/2024,11:00-12:00,Late,2.7,5.8,3,2,Medium
4,12/17/2024,11:00-16:00,Absent,4.87,6.0,4,1,High
4,12/18/2024,10:00-14:00,Present,1.55,7.2,4,7,Low
4,12/19/2024,10:00-16:00,Late,3.71,8.9,5,6,High
4,12/20/2024,8:00-13:00,Present,2.99,7.1,6,4,Low
4,12/21/2024,10:00-12:00,Present,1.74,8.8,6,4,Low
4,12/22/2024,11:00-13:00,Present,1.01,8.9,2,6,Low
4,12/23/2024,10:00-12:00,Present,4.21,6.4,1,1,High
4,12/24/2024,10:00-12:00,Absent,1.1,8.9,5,2,High
4,12/25/2024,8:00-13:00,Late,0.84,6.4,1,2,Medium
4,12/26/2024,11:00-13:00,Absent,4.95,6.9,,6,High
4,12/27/2024,9:00-13:00,Present,4.86,6.1,8,4,High
4,12/28/2024,8:00-15:00,Present,1.25,8.5,5,6,Low
4,12/29/2024,11:00-14:00,Present,3.54,6.9,5,3,High
4,12/30/2024,11:00-16:00,Late,4.3,7.0,5,2,High
5,12/1/2024,11:00-12:00,Present,1.12,6.2,4,3,Medium
5,12/2/2024,10:00-15:00,Present,3.04,8.4,2,9,Low
5,12/3/2024,10:00-12:00,Present,4.0,8.7,4,8,High
5,12/4/2024,8:00-14:00,Late,0.79,6.1,6,9,Low
5,12/5/2024,11:00-13:00,Absent,2.72,5.1,3,1,High
5,12/6/2024,9:00-14:00,Present,4.5,5.6,3,3,High
5,12/7/2024,10:00-12:00,Late,3.23,7.8,6,4,Low
5,12/8/2024,10:00-14:00,Present,0.94,5.2,4,2,Medium
5,12/9/2024,10:00-13:00,Absent,1.41,6.0,6,1,High
5,12/10/2024,9:00-13:00,Present,1.62,5.9,10,2,Medium
5,12/11/2024,8:00-12:00,Late,1.71,7.3,9,2,Medium
5,12/12/2024,10:00-13:00,Present,4.11,5.4,3,1,High
5,12/13/2024,8:00-16:00,Absent,4.47,7.7,7,,High
5,12/14/2024,9:00-12:00,Absent,4.84,6.9,1,2,High
5,12/15/2024,9:00-15:00,Absent,3.93,7.8,4,9,High
5,12/16/2024,8:00-16:00,Absent,3.06,8.1,5,6,High
5,12/17/2024,11:00-13:00,Present,3.76,7.5,9,9,High
5,12/18/2024,10:00-14:00,Present,4.6,5.4,3,2,High
5,12/19/2024,11:00-14:00,Late,4.95,7.2,9,1,High
5,12/20/2024,11:00-12:00,Absent,1.32,8.2,10,8,High
5,12/21/2024,8:00-14:00,Present,1.5,8.9,7,6,Low
5,12/22/2024,10:00-14:00,Absent,3.85,8.0,8,9,High
5,12/23/2024,8:00-15:00,Absent,2.6,5.1,2,3,High
5,12/24/2024,8:00-16:00,Absent,2.27,7.8,10,8,High
5,12/25/2024,8:00-15:00,Absent,1.52,7.7,,8,High
5,12/26/2024,8:00-12:00,Present,1.41,7.7,2,1,Medium
5,12/27/2024,11:00-12:00,Late,1.19,7.0,6,9,Low
5,12/28/2024,10:00-14:00,Late,0.6,8.7,2,4,Low
5,12/29/2024,11:00-13:00,Absent,3.62,5.1,4,3,High
5,12/30/2024,8:00-13:00,Present,0.51,7.4,8,5,Medium
6,12/1/2024,8:00-15:00,Present,2.4,5.3,10,6,Medium
6,12/2/2024,11:00-12:00,Present,3.82,6.1,8,2,High
6,12/3/2024,10:00-12:00,Late,1.94,8.9,9,9,Medium
6,12/4/2024,11:00-15:00,Late,1.91,5.1,7,5,Low
6,12/5/2024,10:00-15:00,Absent,1.38,7.2,6,5,High
6,12/6/2024,9:00-12:00,Absent,1.93,6.3,7,1,High
6,12/7/2024,10:00-14:00,Late,4.87,8.7,9,9,High
6,12/8/2024,9:00-16:00,Late,4.31,8.4,1,5,High
6,12/9/2024,8:00-16:00,Late,3.48,8.0,7,7,Low
6,12/10/2024,10:00-16:00,Absent,4.74,6.8,8,9,High
6,12/11/2024,11:00-14:00,Late,1.73,6.0,5,8,Low
6,12/12/2024,9:00-13:00,Present,1.36,5.0,5,1,Medium
6,12/13/2024,8:00-12:00,Absent,0.85,7.7,10,5,High
6,12/14/2024,10:00-13:00,Late,0.82,7.9,1,9,Low
6,12/15/2024,10:00-14:00,Late,3.67,7.2,4,8,High
6,12/16/2024,8:00-14:00,Late,2.47,7.5,5,1,Medium
6,12/17/2024,10:00-15:00,Late,2.44,8.2,3,1,Medium
6,12/18/2024,10:00-14:00,Absent,4.25,5.7,10,6,High
6,12/19/2024,9:00-12:00,Present,1.84,6.7,7,5,Low
6,12/20/2024,8:00-16:00,Present,0.65,7.3,2,5,Low
6,12/21/2024,10:00-12:00,Present,2.17,6.3,10,5,Medium
6,12/22/2024,11:00-13:00,Absent,0.75,6.8,9,7,High
6,12/23/2024,9:00-12:00,Late,4.32,7.8,10,2,High
6,12/24/2024,11:00-12:00,Late,2.07,6.9,1,8,Low
6,12/25/2024,10:00-16:00,Late,2.29,5.7,9,10,Medium
6,12/26/2024,11:00-15:00,Late,4.01,5.7,3,3,High
6,12/27/2024,11:00-13:00,Present,2.37,7.4,4,9,Low
6,12/28/2024,10:00-12:00,Late,0.55,8.7,4,10,Low
6,12/29/2024,11:00-12:00,Late,4.23,6.6,2,4,High
6,12/30/2024,11:00-14:00,Late,4.23,5.8,5,1,High
7,12/1/2024,8:00-12:00,Present,1.92,7.0,2,6,Low
7,12/2/2024,9:00-16:00,Absent,2.09,7.1,3,4,High
7,12/3/2024,10:00-12:00,Late,3.09,7.2,1,3,Medium
7,12/4/2024,9:00-14:00,Late,1.26,8.4,8,2,Medium
7,12/5/2024,8:00-13:00,Absent,3.03,5.1,2,4,High
7,12/6/2024,10:00-14:00,Absent,2.03,5.0,3,2,High
7,12/7/2024,8:00-13:00,Present,3.83,5.0,3,2,High
7,12/8/2024,10:00-12:00,Late,1.72,8.2,3,6,Low
7,12/9/2024,10:00-12:00,Absent,2.01,8.9,9,6,High
7,12/10/2024,8:00-12:00,Present,3.18,6.4,1,4,Low
7,12/11/2024,10:00-15:00,Late,4.99,7.4,6,5,High
7,12/12/2024,9:00-15:00,Present,0.71,7.5,9,5,Medium
7,12/13/2024,9:00-13:00,Late,4.03,5.1,2,3,High
7,12/14/2024,10:00-12:00,Present,3.14,6.0,6,6,Low
7,12/15/2024,10:00-15:00,Absent,3.88,8.9,6,2,High
7,12/16/2024,9:00-15:00,Late,3.89,5.7,3,5,High
7,12/17/2024,10:00-16:00,Present,3.99,6.1,9,8,High
7,12/18/2024,10:00-12:00,Absent,4.4,7.3,6,3,High
7,12/19/2024,9:00-12:00,Late,4.89,6.6,2,3,High
7,12/20/2024,9:00-16:00,Late,4.83,7.0,2,2,High
7,12/21/2024,8:00-15:00,Present,0.57,8.7,1,3,Medium
7,12/22/2024,9:00-15:00,Late,2.79,7.0,8,5,Medium
7,12/23/2024,9:00-13:00,Present,4.57,7.1,5,10,High
7,12/24/2024,10:00-14:00,Absent,2.14,6.5,9,8,High
7,12/25/2024,9:00-12:00,Late,3.54,7.9,5,6,High
7,12/26/2024,9:00-16:00,Late,2.81,5.6,10,1,Medium
7,12/27/2024,11:00-15:00,Present,4.27,7.2,4,7,High
7,12/28/2024,10:00-15:00,Late,1.5,5.5,4,4,Low
7,12/29/2024,9:00-15:00,Late,3.84,6.1,3,4,High
7,12/30/2024,9:00-14:00,Late,2.77,8.8,7,2,Medium
8,12/1/2024,9:00-15:00,Present,2.93,8.7,8,3,Medium
8,12/2/2024,10:00-15:00,Absent,1.45,7.1,2,4,High
8,12/3/2024,9:00-16:00,Absent,4.23,6.0,6,9,High
8,12/4/2024,9:00-13:00,Late,2.12,7.5,7,8,Low
8,12/5/2024,11:00-15:00,Late,0.68,6.3,7,8,Low
8,12/6/2024,11:00-12:00,Present,3.42,6.6,7,7,Low
8,12/7/2024,10:00-16:00,Present,4.82,8.9,2,7,High
8,12/8/2024,9:00-15:00,Present,2.38,5.4,8,7,Medium
8,12/9/2024,9:00-12:00,Present,4.69,8.5,9,8,High
8,12/10/2024,11:00-16:00,Late,4.32,8.4,4,5,High
8,12/11/2024,10:00-16:00,Present,0.65,6.6,1,5,Low
8,12/12/2024,9:00-12:00,Late,3.06,7.5,6,4,Low
8,12/13/2024,8:00-12:00,Late,2.01,8.7,6,5,Low
8,12/14/2024,8:00-13:00,Late,2.76,8.1,2,6,Low
8,12/15/2024,11:00-12:00,Present,1.11,6.0,9,3,Medium
8,12/16/2024,9:00-15:00,Present,0.53,8.3,,1,Medium
8,12/17/2024,10:00-14:00,Absent,1.3,6.3,3,1,High
8,12/18/2024,9:00-16:00,Present,1.54,8.1,9,4,Medium
8,12/19/2024,10:00-14:00,Absent,3.64,6.0,6,7,High
8,12/20/2024,8:00-15:00,Absent,2.14,6.0,5,5,High
8,12/21/2024,8:00-14:00,Present,0.95,7.9,6,7,Low
8,12/22/2024,11:00-12:00,Absent,2.36,5.4,9,6,High
8,12/23/2024,11:00-15:00,Late,3.99,7.2,1,6,High
8,12/24/2024,10:00-14:00,Present,4.67,8.6,8,4,High
8,12/25/2024,11:00-15:00,Late,4.19,6.4,5,1,High
8,12/26/2024,9:00-12:00,Absent,0.75,7.2,4,2,High
8,12/27/2024,10:00-12:00,Absent,2.67,8.9,10,3,High
8,12/28/2024,11:00-12:00,Late,3.2,6.4,2,5,Low
8,12/29/2024,9:00-16:00,Present,1.16,8.7,1,4,Low
8,12/30/2024,9:00-13:00,Absent,0.61,6.9,2,,High
9,12/1/2024,11:00-12:00,Present,3.82,6.9,1,8,High
9,12/2/2024,11:00-13:00,Present,1.72,8.9,8,5,Medium
9,12/3/2024,8:00-16:00,Absent,4.74,8.9,4,3,High
9,12/4/2024,8:00-13:00,Late,2.83,5.0,8,3,Medium
9,12/5/2024,11:00-15:00,Absent,3.01,8.2,3,4,High
9,12/6/2024,8:00-16:00,Present,2.39,6.0,10,9,Medium
9,12/7/2024,9:00-14:00,Absent,3.5,7.6,7,6,High
9,12/8/2024,11:00-13:00,Present,4.33,7.2,7,5,High
9,12/9/2024,10:00-16:00,Late,3.83,8.1,8,3,High
9,12/10/2024,8:00-13:00,Present,4.22,7.8,4,3,High
9,12/11/2024,11:00-15:00,Absent,4.38,6.9,4,6,High
9,12/12/2024,10:00-12:00,Absent,1.37,6.9,3,2,High
9,12/13/2024,8:00-15:00,Present,4.39,8.6,10,4,High
9,12/14/2024,11:00-15:00,Absent,4.22,6.0,4,6,High
9,12/15/2024,9:00-16:00,Present,3.22,7.3,,8,Low
9,12/16/2024,9:00-16:00,Late,1.87,7.5,7,8,Low
9,12/17/2024,10:00-13:00,Absent,1.86,6.6,5,7,High
9,12/18/2024,11:00-16:00,Present,3.34,8.0,7,1,Medium
9,12/19/2024,8:00-12:00,Present,1.57,6.4,5,10,Low
9,12/20/2024,11:00-14:00,Present,3.63,9.0,6,10,High
9,12/21/2024,10:00-13:00,Absent,2.43,6.2,5,2,High
9,12/22/2024,8:00-12:00,Late,1.04,8.9,7,6,Low
9,12/23/2024,9:00-12:00,Late,3.5,6.1,1,5,Low
9,12/24/2024,9:00-16:00,Present,4.56,5.9,2,7,High
9,12/25/2024,11:00-14:00,Present,1.07,8.1,9,5,Medium
9,12/26/2024,9:00-16:00,Late,3.48,8.0,1,6,Low
9,12/27/2024,9:00-16:00,Present,1.77,7.8,5,3,Medium
9,12/28/2024,11:00-14:00,Late,2.93,5.7,1,2,Medium
9,12/29/2024,10:00-12:00,Present,1.44,6.3,9,4,Medium
9,12/30/2024,9:00-16:00,Absent,0.81,7.6,3,3,High
10,12/1/2024,9:00-13:00,Late,2.32,7.7,6,5,Low
10,12/2/2024,8:00-12:00,Present,2.13,6.1,9,2,Medium
10,12/3/2024,11:00-13:00,Present,1.63,7.8,1,1,Medium
10,12/4/2024,8:00-13:00,Present,2.62,9.0,1,1,Medium
10,12/5/2024,11:00-13:00,Late,1.84,8.4,6,3,Medium
10,12/6/2024,8:00-16:00,Absent,4.16,8.7,6,1,High
10,12/7/2024,10:00-13:00,Absent,3.52,8.1,4,4,High
10,12/8/2024,10:00-15:00,Absent,1.83,7.0,4,5,High
10,12/9/2024,11:00-13:00,Late,2.63,8.1,5,10,Low
10,12/10/2024,11:00-15:00,Absent,2.99,8.0,2,2,High
10,12/11/2024,8:00-15:00,Present,0.74,5.4,10,10,Medium
10,12/12/2024,9:00-16:00,Present,4.5,6.6,2,8,High
10,12/13/2024,11:00-13:00,Present,3.14,8.2,2,1,Medium
10,12/14/2024,10:00-15:00,Absent,4.99,5.7,5,4,High
10,12/15/2024,10:00-16:00,Present,2.39,8.6,2,3,Medium
10,12/16/2024,10:00-14:00,Present,0.84,7.4,3,2,Medium
10,12/17/2024,11:00-15:00,Late,2.77,6.0,8,5,Medium
10,12/18/2024,10:00-14:00,Absent,4.94,6.0,8,4,High
10,12/19/2024,9:00-16:00,Late,3.16,6.9,4,7,Low
10,12/20/2024,8:00-13:00,Absent,4.49,7.7,7,4,High
10,12/21/2024,11:00-15:00,Late,4.94,7.5,3,5,High
10,12/22/2024,9:00-13:00,Late,4.41,5.7,6,2,High
10,12/23/2024,8:00-16:00,Late,4.5,7.2,10,2,High
10,12/24/2024,8:00-12:00,Absent,5.0,6.7,4,8,High
10,12/25/2024,10:00-16:00,Late,0.75,7.3,5,2,Medium
10,12/26/2024,9:00-13:00,Absent,4.71,8.7,1,8,High
10,12/27/2024,8:00-15:00,Present,2.49,5.8,8,1,Medium
10,12/28/2024,10:00-13:00,Late,1.91,7.5,3,8,Low
10,12/29/2024,8:00-16:00,Late,3.66,7.4,6,9,High
10,12/30/2024,11:00-13:00,Late,4.31,7.4,4,7,High
11,12/1/2024,11:00-16:00,Absent,3.05,7.6,3,1,High
11,12/2/2024,11:00-12:00,Present,1.87,6.5,7,7,Low
11,12/3/2024,11:00-12:00,Present,1.98,8.6,9,3,Medium
11,12/4/2024,9:00-13:00,Late,4.43,6.5,9,4,High
11,12/5/2024,8:00-15:00,Absent,4.06,5.7,2,7,High
11,12/6/2024,10:00-16:00,Present,1.23,5.8,6,10,Low
11,12/7/2024,10:00-14:00,Present,2.83,7.7,9,8,Medium
11,12/8/2024,11:00-14:00,Absent,0.62,8.5,10,3,High
11,12/9/2024,9:00-12:00,Absent,3.68,6.1,5,10,High
11,12/10/2024,9:00-16:00,Late,3.29,6.8,6,7,Low
11,12/11/2024,11:00-16:00,Present,3.5,8.2,3,5,Low
11,12/12/2024,8:00-13:00,Present,2.72,8.7,4,2,Medium
11,12/13/2024,10:00-13:00,Absent,4.53,6.6,9,4,High
11,12/14/2024,11:00-13:00,Present,2.77,8.3,9,3,Medium
11,12/15/2024,8:00-13:00,Present,3.65,5.9,2,5,High
11,12/16/2024,9:00-14:00,Absent,1.56,8.9,3,6,High
11,12/17/2024,9:00-16:00,Absent,0.72,5.6,8,9,High
11,12/18/2024,10:00-15:00,Absent,2.41,5.9,4,3,High
11,12/19/2024,9:00-15:00,Late,2.75,8.4,2,7,Low
11,12/20/2024,11:00-12:00,Late,2.03,5.2,7,1,Medium
11,12/21/2024,11:00-12:00,Late,4.0,5.0,8,6,High
11,12/22/2024,8:00-13:00,Present,4.84,6.8,4,5,High
11,12/23/2024,11:00-13:00,Late,1.75,5.7,1,10,Low
11,12/24/2024,9:00-12:00,Late,3.43,6.1,6,7,Low
11,12/25/2024,8:00-14:00,Present,2.45,5.9,3,10,Low
11,12/26/2024,10:00-15:00,Late,2.46,8.6,8,2,Medium
11,12/27/2024,9:00-12:00,Present,1.64,7.3,3,2,Medium
11,12/28/2024,11:00-12:00,Late,0.77,6.8,6,4,Low
11,12/29/2024,11:00-15:00,Present,0.56,5.6,2,1,Medium
11,12/30/2024,10:00-13:00,Absent,3.92,7.8,6,6,High
12,12/1/2024,9:00-15:00,Late,1.62,7.0,1,6,Low
12,12/2/2024,11:00-13:00,Absent,4.94,7.8,7,3,High
12,12/3/2024,10:00-16:00,Present,0.85,9.0,1,3,Medium
12,12/4/2024,10:00-13:00,Late,3.79,5.0,6,5,High
12,12/5/2024,9:00-13:00,Absent,1.61,8.9,4,4,High
12,12/6/2024,11:00-14:00,Present,3.43,7.7,3,7,Low
12,12/7/2024,10:00-16:00,Late,2.17,6.0,4,8,Low
12,12/8/2024,10:00-12:00,Present,0.65,6.7,7,10,Low
12,12/9/2024,9:00-16:00,Absent,1.79,8.5,3,4,High
12,12/10/2024,8:00-14:00,Present,4.03,6.8,3,8,High
12,12/11/2024,11:00-16:00,Present,0.57,5.9,5,3,Medium
12,12/12/2024,10:00-16:00,Present,3.87,5.7,5,9,High
12,12/13/2024,11:00-15:00,Present,1.09,7.4,9,8,Medium
12,12/14/2024,11:00-15:00,Present,1.41,5.2,5,9,Low
12,12/15/2024,8:00-16:00,Late,1.38,8.7,10,3,Medium
12,12/16/2024,11:00-16:00,Late,2.92,6.6,1,5,Low
12,12/17/2024,9:00-16:00,Present,4.54,8.5,9,7,High
12,12/18/2024,8:00-12:00,Present,4.91,9.0,10,7,High
12,12/19/2024,11:00-12:00,Present,0.97,8.2,6,8,Low
12,12/20/2024,11:00-13:00,Present,2.72,7.4,1,9,Low
12,12/21/2024,10:00-15:00,Present,4.99,7.4,6,3,High
12,12/22/2024,10:00-16:00,Late,1.09,6.7,8,3,Medium
12,12/23/2024,10:00-13:00,Late,4.2,6.1,10,3,High
12,12/24/2024,10:00-16:00,Absent,4.46,7.9,5,6,High
12,12/25/2024,10:00-16:00,Absent,0.52,6.8,8,4,High
12,12/26/2024,10:00-15:00,Present,4.22,5.9,6,4,High
12,12/27/2024,11:00-12:00,Late,4.6,6.0,6,4,High
12,12/28/2024,8:00-14:00,Late,2.68,6.1,7,3,Medium
12,12/29/2024,11:00-16:00,Late,1.85,5.6,5,6,Low
12,12/30/2024,9:00-15:00,Late,0.6,6.5,2,5,Low
13,12/1/2024,8:00-15:00,Late,4.53,8.7,1,5,High
13,12/2/2024,8:00-13:00,Late,1.13,8.2,3,4,Low
13,12/3/2024,8:00-15:00,Present,2.31,5.8,5,3,Medium
13,12/4/2024,8:00-13:00,Late,4.06,7.6,8,1,High
13,12/5/2024,11:00-13:00,Present,4.57,5.4,1,5,High
13,12/6/2024,9:00-13:00,Absent,0.61,6.6,9,7,High
13,12/7/2024,8:00-13:00,Late,2.36,5.1,5,10,Low
13,12/8/2024,8:00-12:00,Late,4.09,8.9,10,2,High
13,12/9/2024,8:00-12:00,Present,1.05,5.9,10,4,Medium
13,12/10/2024,10:00-14:00,Present,1.69,7.8,1,3,Medium
13,12/11/2024,9:00-12:00,Present,0.79,7.7,7,9,Low
13,12/12/2024,10:00-13:00,Absent,3.8,7.3,9,2,High
13,12/13/2024,11:00-13:00,Present,1.89,6.2,1,1,Medium
13,12/14/2024,9:00-12:00,Late,2.52,7.9,8,4,Medium
13,12/15/2024,8:00-15:00,Absent,3.54,5.1,7,4,High
13,12/16/2024,11:00-16:00,Absent,4.48,6.6,1,4,High
13,12/17/2024,8:00-14:00,Absent,2.38,8.2,9,2,High
13,12/18/2024,8:00-15:00,Absent,1.05,7.8,7,8,High
13,12/19/2024,8:00-14:00,Present,3.68,6.1,9,10,High
13,12/20/2024,8:00-12:00,Late,4.68,7.7,2,7,High
13,12/21/2024,9:00-15:00,Late,1.51,7.4,2,2,Medium
13,12/22/2024,11:00-12:00,Late,4.93,5.7,9,7,High
13,12/23/2024,8:00-13:00,Late,3.81,7.7,5,6,High
13,12/24/2024,9:00-13:00,Late,4.23,8.7,3,6,High
13,12/25/2024,9:00-15:00,Late,1.0,5.8,3,3,Medium
13,12/26/2024,9:00-15:00,Late,3.01,5.5,4,1,Medium
13,12/27/2024,10:00-15:00,Late,4.75,6.3,4,5,High
13,12/28/2024,11:00-12:00,Late,2.76,8.7,3,10,Low
13,12/29/2024,8:00-15:00,Absent,3.82,6.4,5,7,High
13,12/30/2024,9:00-12:00,Late,4.61,8.8,9,1,High
14,12/1/2024,10:00-13:00,Present,3.76,6.2,8,8,High
14,12/2/2024,10:00-14:00,Absent,4.1,7.2,7,7,High
14,12/3/2024,8:00-15:00,Absent,3.6,7.7,9,10,High
14,12/4/2024,8:00-12:00,Late,4.2,5.8,10,5,High
14,12/5/2024,8:00-14:00,Late,0.89,5.7,7,2,Medium
14,12/6/2024,9:00-13:00,Late,1.38,5.5,10,3,Medium
14,12/7/2024,8:00-14:00,Absent,3.42,8.8,10,8,High
14,12/8/2024,11:00-12:00,Absent,4.27,9.0,10,1,High
14,12/9/2024,10:00-16:00,Late,4.68,6.1,7,3,High
14,12/10/2024,9:00-15:00,Present,2.64,5.7,8,1,Medium
14,12/11/2024,9:00-14:00,Late,4.07,9.0,10,10,High
14,12/12/2024,9:00-13:00,Present,1.19,7.4,5,6,Low
14,12/13/2024,8:00-15:00,Present,2.62,5.7,6,1,Medium
14,12/14/2024,8:00-13:00,Late,4.39,8.3,6,8,High
14,12/15/2024,8:00-12:00,Late,4.4,5.5,7,2,High
14,12/16/2024,8:00-16:00,Present,4.85,7.1,4,9,High
14,12/17/2024,8:00-14:00,Late,1.42,5.4,7,3,Medium
14,12/18/2024,10:00-13:00,Late,1.73,8.9,1,2,Medium
14,12/19/2024,10:00-14:00,Present,1.54,5.5,3,4,Low
14,12/20/2024,9:00-14:00,Absent,0.76,8.6,8,9,High
14,12/21/2024,10:00-12:00,Present,2.21,5.7,2,5,Low
14,12/22/2024,11:00-15:00,Present,3.0,6.4,1,9,Low
14,12/23/2024,11:00-13:00,Late,3.37,5.7,5,6,Low
14,12/24/2024,11:00-16:00,Absent,1.66,8.1,6,9,High
14,12/25/2024,10:00-13:00,Absent,0.76,8.8,6,4,High
14,12/26/2024,10:00-14:00,Absent,1.65,8.4,6,8,High
14,12/27/2024,9:00-16:00,Present,3.85,6.1,1,5,High
14,12/28/2024,10:00-12:00,Late,4.21,5.1,4,5,High
14,12/29/2024,11:00-12:00,Present,2.33,7.1,10,9,Medium
14,12/30/2024,8:00-14:00,Late,4.43,7.3,7,8,High
15,12/1/2024,8:00-15:00,Present,1.2,7.7,1,5,Low
15,12/2/2024,10:00-13:00,Absent,1.53,8.6,10,2,High
15,12/3/2024,8:00-16:00,Late,3.9,7.6,6,1,High
15,12/4/2024,10:00-13:00,Late,4.72,6.6,3,4,High
15,12/5/2024,9:00-15:00,Late,4.37,5.3,2,6,High
15,12/6/2024,8:00-13:00,Present,4.12,5.3,9,9,High
15,12/7/2024,11:00-15:00,Present,0.57,6.6,5,1,Medium
15,12/8/2024,11:00-14:00,Late,3.72,6.2,10,1,High
15,12/9/2024,8:00-12:00,Present,4.8,5.3,8,2,High
15,12/10/2024,10:00-15:00,Present,2.2,7.4,1,6,Low
15,12/11/2024,8:00-16:00,Present,2.91,5.9,6,9,Low
15,12/12/2024,8:00-12:00,Late,4.0,9.0,1,3,High
15,12/13/2024,9:00-16:00,Late,2.89,7.1,4,2,Medium
15,12/14/2024,8:00-16:00,Absent,3.9,8.4,6,1,High
15,12/15/2024,10:00-14:00,Late,2.09,7.9,5,6,Low
15,12/16/2024,10:00-16:00,Absent,4.79,8.7,8,5,High
15,12/17/2024,11:00-16:00,Late,1.06,8.0,9,7,Medium
15,12/18/2024,8:00-16:00,Late,1.81,8.3,5,7,Low
15,12/19/2024,11:00-14:00,Present,2.23,7.8,8,6,Medium
15,12/20/2024,8:00-14:00,Present,1.74,6.7,8,10,Medium
15,12/21/2024,11:00-12:00,Present,4.58,7.8,2,6,High
15,12/22/2024,11:00-16:00,Present,3.54,5.7,7,5,High
15,12/23/2024,9:00-16:00,Late,1.84,6.8,4,9,Low
15,12/24/2024,10:00-14:00,Absent,3.02,7.9,2,10,High
15,12/25/2024,8:00-12:00,Late,4.66,7.9,10,10,High
15,12/26/2024,9:00-13:00,Late,2.89,5.5,6,9,Low
15,12/27/2024,8:00-16:00,Late,4.79,6.3,7,9,High
15,12/28/2024,8:00-16:00,Late,0.8,6.2,9,9,Medium
15,12/29/2024,10:00-13:00,Late,3.64,7.7,9,3,High
15,12/30/2024,8:00-13:00,Present,2.8,8.8,5,3,Medium
16,12/1/2024,11:00-16:00,Absent,0.92,7.6,5,6,High
16,12/2/2024,10:00-15:00,Late,4.42,8.7,5,7,High
16,12/3/2024,10:00-12:00,Present,3.96,7.1,6,8,High
16,12/4/2024,10:00-12:00,Present,3.26,6.0,7,7,Low
16,12/5/2024,10:00-16:00,Present,2.75,6.5,3,1,Medium
16,12/6/2024,8:00-13:00,Late,2.42,8.5,10,2,Medium
16,12/7/2024,8:00-15:00,Present,4.51,5.4,8,7,High
16,12/8/2024,9:00-13:00,Late,3.08,8.0,7,7,Low
16,12/9/2024,10:00-14:00,Late,1.94,6.2,4,2,Medium
16,12/10/2024,9:00-16:00,Absent,3.42,5.3,6,6,High
16,12/11/2024,8:00-15:00,Late,2.34,6.9,9,8,Medium
16,12/12/2024,11:00-15:00,Late,0.57,7.2,10,7,Medium
16,12/13/2024,10:00-12:00,Absent,2.53,6.4,10,6,High
16,12/14/2024,10:00-13:00,Present,3.09,8.9,8,10,Medium
16,12/15/2024,8:00-13:00,Late,1.56,5.2,5,3,Medium
16,12/16/2024,9:00-14:00,Present,2.16,8.2,3,7,Low
16,12/17/2024,8:00-16:00,Absent,4.0,7.0,10,4,High
16,12/18/2024,10:00-13:00,Late,2.88,8.5,6,2,Medium
16,12/19/2024,8:00-13:00,Absent,2.97,7.3,10,1,High
16,12/20/2024,10:00-16:00,Present,1.41,9.0,8,5,Medium
16,12/21/2024,8:00-16:00,Absent,2.73,7.3,9,10,High
16,12/22/2024,8:00-14:00,Late,1.67,7.9,6,4,Low
16,12/23/2024,10:00-16:00,Absent,1.26,8.0,5,4,High
16,12/24/2024,11:00-15:00,Absent,2.74,8.7,7,1,High
16,12/25/2024,9:00-16:00,Present,1.92,8.1,9,3,Medium
16,12/26/2024,10:00-16:00,Late,1.5,7.7,2,2,Medium
16,12/27/2024,11:00-16:00,Present,1.91,6.2,5,2,Medium
16,12/28/2024,8:00-15:00,Present,4.26,6.1,4,8,High
16,12/29/2024,8:00-13:00,Present,3.29,5.2,4,6,Low
16,12/30/2024,8:00-16:00,Late,4.32,6.9,8,9,High
17,12/1/2024,9:00-13:00,Present,4.36,8.8,2,7,High
17,12/2/2024,9:00-15:00,Absent,2.21,7.4,3,6,High
17,12/3/2024,9:00-14:00,Late,1.3,8.1,7,1,Medium
17,12/4/2024,11:00-15:00,Absent,1.5,6.7,9,5,High
17,12/5/2024,10:00-12:00,Late,1.92,5.5,3,2,Medium
17,12/6/2024,11:00-15:00,Late,2.89,7.1,2,6,Low
17,12/7/2024,8:00-14:00,Late,4.54,7.2,9,6,High
17,12/8/2024,10:00-14:00,Late,2.18,6.6,6,9,Low
17,12/9/2024,8:00-12:00,Late,1.78,7.8,2,2,Medium
17,12/10/2024,8:00-16:00,Absent,2.81,5.8,9,1,High
17,12/11/2024,9:00-16:00,Present,2.29,6.0,6,2,Medium
17,12/12/2024,9:00-12:00,Late,3.06,5.5,6,3,Medium
17,12/13/2024,11:00-12:00,Absent,1.91,6.0,9,4,High
17,12/14/2024,10:00-15:00,Late,4.54,8.6,8,10,High
17,12/15/2024,10:00-13:00,Absent,3.97,8.5,9,1,High
17,12/16/2024,8:00-16:00,Present,2.2,7.2,2,7,Low
17,12/17/2024,10:00-14:00,Present,3.26,5.6,3,8,Low
17,12/18/2024,10:00-13:00,Present,2.45,8.9,8,9,Medium
17,12/19/2024,11:00-13:00,Present,3.01,6.3,7,4,Low
17,12/20/2024,9:00-13:00,Late,0.85,7.2,2,6,Low
17,12/21/2024,8:00-15:00,Late,3.97,7.4,10,2,High
17,12/22/2024,11:00-16:00,Late,2.38,7.8,9,1,Medium
17,12/23/2024,9:00-12:00,Absent,3.04,5.5,4,1,High
17,12/24/2024,10:00-12:00,Present,4.96,5.8,9,9,High
17,12/25/2024,8:00-16:00,Late,2.65,8.9,3,4,Low
17,12/26/2024,10:00-12:00,Absent,3.57,7.5,6,1,High
17,12/27/2024,9:00-16:00,Present,3.63,7.4,8,4,High
17,12/28/2024,11:00-13:00,Late,2.59,6.1,8,1,Medium
17,12/29/2024,10:00-12:00,Present,3.81,8.8,7,6,High
17,12/30/2024,9:00-13:00,Late,3.47,7.4,10,9,Medium
18,12/1/2024,11:00-12:00,Late,4.8,7.6,5,6,High
18,12/2/2024,9:00-14:00,Absent,4.97,8.1,9,6,High
18,12/3/2024,11:00-13:00,Late,1.36,8.8,5,8,Low
18,12/4/2024,11:00-15:00,Present,0.76,5.7,9,1,Medium
18,12/5/2024,10:00-14:00,Present,4.37,7.4,5,7,High
18,12/6/2024,9:00-14:00,Late,2.07,6.0,4,5,Low
18,12/7/2024,11:00-15:00,Present,3.46,7.7,7,3,Medium
18,12/8/2024,10:00-16:00,Present,3.0,6.7,9,3,Medium
18,12/9/2024,10:00-13:00,Late,1.35,6.1,1,4,Low
18,12/10/2024,9:00-16:00,Absent,1.39,8.7,5,8,High
18,12/11/2024,10:00-15:00,Absent,1.29,6.3,10,3,High
18,12/12/2024,10:00-16:00,Absent,4.26,6.9,1,1,High
18,12/13/2024,8:00-16:00,Late,4.89,8.7,4,3,High
18,12/14/2024,11:00-16:00,Present,3.58,6.3,8,5,High
18,12/15/2024,8:00-16:00,Present,2.04,7.4,3,10,Low
18,12/16/2024,8:00-15:00,Present,1.2,5.6,4,2,Medium
18,12/17/2024,8:00-12:00,Late,0.52,7.6,6,2,Medium
18,12/18/2024,10:00-12:00,Absent,4.06,8.6,6,2,High
18,12/19/2024,11:00-14:00,Absent,3.55,7.9,10,10,High
18,12/20/2024,11:00-13:00,Late,3.76,7.3,9,7,High
18,12/21/2024,8:00-13:00,Late,3.6,8.9,10,1,High
18,12/22/2024,11:00-15:00,Late,3.65,9.0,3,10,High
18,12/23/2024,11:00-12:00,Late,1.95,5.5,2,2,Medium
18,12/24/2024,8:00-14:00,Absent,3.72,5.9,6,9,High
18,12/25/2024,8:00-15:00,Present,4.72,7.3,6,10,High
18,12/26/2024,9:00-14:00,Absent,2.4,6.1,2,5,High
18,12/27/2024,8:00-14:00,Present,1.75,6.8,4,1,Medium
18,12/28/2024,9:00-12:00,Late,3.57,6.4,6,6,High
18,12/29/2024,8:00-12:00,Present,2.55,8.0,9,8,Medium
18,12/30/2024,10:00-13:00,Late,2.35,6.0,2,3,Medium
19,12/1/2024,11:00-12:00,Absent,1.09,5.2,7,3,High
19,12/2/2024,11:00-15:00,Present,1.86,5.2,1,9,Low
19,12/3/2024,9:00-16:00,Present,1.76,5.3,8,7,Medium
19,12/4/2024,8:00-14:00,Absent,4.44,8.6,6,4,High
19,12/5/2024,9:00-13:00,Late,4.97,7.3,4,9,High
19,12/6/2024,8:00-14:00,Present,3.45,5.2,5,5,Low
19,12/7/2024,11:00-13:00,Present,3.09,7.2,3,4,Low
19,12/8/2024,10:00-12:00,Late,4.41,7.1,10,10,High
19,12/9/2024,11:00-13:00,Late,1.57,6.5,2,5,Low
19,12/10/2024,8:00-16:00,Absent,0.87,6.7,7,2,High
19,12/11/2024,9:00-13:00,Present,1.11,8.8,7,7,Low
19,12/12/2024,10:00-16:00,Present,1.35,6.7,3,4,Low
19,12/13/2024,9:00-13:00,Present,1.61,8.1,9,9,Medium
19,12/14/2024,10:00-16:00,Present,2.67,7.4,2,6,Low
19,12/15/2024,11:00-16:00,Absent,3.82,8.6,4,7,High
19,12/16/2024,11:00-13:00,Late,4.27,6.4,2,1,High
19,12/17/2024,8:00-13:00,Absent,4.35,8.6,6,6,High
19,12/18/2024,11:00-15:00,Late,4.93,8.4,3,7,High
19,12/19/2024,10:00-14:00,Present,2.03,7.1,1,5,Low
19,12/20/2024,9:00-15:00,Present,4.58,8.0,7,4,High
19,12/21/2024,10:00-15:00,Present,4.5,7.7,6,3,High
19,12/22/2024,8:00-13:00,Absent,2.12,8.3,3,5,High
19,12/23/2024,9:00-16:00,Absent,3.15,8.9,9,1,High
19,12/24/2024,9:00-15:00,Absent,1.53,8.2,4,10,High
19,12/25/2024,10:00-12:00,Late,4.9,6.7,4,5,High
19,12/26/2024,9:00-13:00,Present,2.48,8.9,5,10,Low
19,12/27/2024,10:00-14:00,Absent,2.43,7.7,9,9,High
19,12/28/2024,9:00-15:00,Late,3.1,7.1,2,3,Medium
19,12/29/2024,9:00-15:00,Late,1.4,7.1,9,3,Medium
19,12/30/2024,10:00-13:00,Present,1.27,5.1,9,4,Medium
20,12/1/2024,9:00-16:00,Absent,4.81,5.7,2,8,High
20,12/2/2024,8:00-13:00,Late,1.49,7.7,3,5,Low
20,12/3/2024,8:00-16:00,Present,3.96,6.9,8,10,High
20,12/4/2024,9:00-16:00,Present,1.28,5.3,6,7,Low
20,12/5/2024,11:00-12:00,Late,2.1,8.3,3,5,Low
20,12/6/2024,8:00-13:00,Absent,4.46,5.8,10,5,High
20,12/7/2024,11:00-12:00,Late,2.47,7.4,3,5,Low
20,12/8/2024,9:00-13:00,Late,4.89,7.4,10,2,High
20,12/9/2024,10:00-16:00,Absent,3.08,8.0,6,6,High
20,12/10/2024,11:00-13:00,Late,4.9,5.2,10,8,High
20,12/11/2024,10:00-15:00,Present,1.86,6.6,5,5,Low
20,12/12/2024,10:00-12:00,Late,3.61,7.9,3,9,High
20,12/13/2024,9:00-13:00,Present,2.74,6.7,10,7,Medium
20,12/14/2024,11:00-14:00,Late,0.56,6.0,8,8,Medium
20,12/15/2024,9:00-14:00,Present,4.48,8.9,4,5,High
20,12/16/2024,9:00-13:00,Present,2.36,5.1,5,5,Low
20,12/17/2024,11:00-16:00,Present,1.66,5.2,8,6,Medium
20,12/18/2024,11:00-13:00,Late,4.4,5.2,8,5,High
20,12/19/2024,10:00-16:00,Present,2.0,7.4,3,2,Medium
20,12/20/2024,9:00-13:00,Present,1.47,8.4,9,4,Medium
20,12/21/2024,11:00-16:00,Present,4.03,8.9,3,6,High
20,12/22/2024,9:00-14:00,Late,1.13,8.2,2,10,Low
20,12/23/2024,9:00-12:00,Late,4.84,5.4,6,7,High
20,12/24/2024,10:00-14:00,Late,3.44,7.7,6,8,Low
20,12/25/2024,9:00-13:00,Late,0.65,5.6,7,6,Low
20,12/26/2024,10:00-13:00,Present,1.98,7.1,8,2,Medium
20,12/27/2024,11:00-14:00,Present,3.2,5.8,10,2,Medium
20,12/28/2024,9:00-13:00,Late,3.65,6.1,3,5,High
20,12/29/2024,10:00-12:00,Present,0.81,7.7,2,5,Low
20,12/30/2024,10:00-13:00,Absent,3.1,6.9,6,3,High
21,12/1/2024,8:00-14:00,Late,1.14,8.9,2,10,Low
21,12/2/2024,9:00-15:00,Present,3.9,5.1,6,2,High
21,12/3/2024,10:00-15:00,Absent,2.64,6.1,8,8,High
21,12/4/2024,10:00-16:00,Present,0.87,6.4,1,5,Low
21,12/5/2024,8:00-13:00,Present,0.95,8.6,6,4,Low
21,12/6/2024,11:00-14:00,Late,2.2,8.4,2,10,Low
21,12/7/2024,9:00-14:00,Late,2.13,5.6,7,10,Low
21,12/8/2024,8:00-15:00,Absent,3.79,5.2,1,2,High
21,12/9/2024,11:00-13:00,Absent,4.65,6.6,4,8,High
21,12/10/2024,10:00-14:00,Present,2.27,8.8,10,2,Medium
21,12/11/2024,11:00-15:00,Absent,4.96,5.0,8,3,High
21,12/12/2024,8:00-12:00,Present,3.31,7.4,8,6,Medium
21,12/13/2024,10:00-12:00,Present,0.62,6.2,5,3,Medium
21,12/14/2024,10:00-14:00,Late,3.53,8.9,5,1,High
21,12/15/2024,11:00-14:00,Absent,4.98,8.9,9,3,High
21,12/16/2024,11:00-16:00,Present,3.29,8.7,3,7,Low
21,12/17/2024,11:00-14:00,Late,4.56,9.0,6,8,High
21,12/18/2024,10:00-15:00,Present,2.42,8.2,8,9,Medium
21,12/19/2024,11:00-13:00,Absent,3.21,8.7,10,1,High
21,12/20/2024,11:00-16:00,Late,2.82,7.0,1,5,Low
21,12/21/2024,9:00-12:00,Absent,1.79,8.4,10,7,High
21,12/22/2024,9:00-14:00,Late,4.17,7.9,9,7,High
21,12/23/2024,9:00-13:00,Present,3.21,5.1,4,9,Low
21,12/24/2024,8:00-15:00,Present,2.18,8.2,3,7,Low
21,12/25/2024,9:00-15:00,Present,4.7,5.9,2,2,High
21,12/26/2024,9:00-15:00,Present,0.77,8.3,10,6,Medium
21,12/27/2024,10:00-13:00,Late,2.5,8.1,7,7,Low
21,12/28/2024,8:00-16:00,Late,3.62,7.2,10,5,High
21,12/29/2024,9:00-16:00,Late,2.94,6.3,2,5,Low
21,12/30/2024,11:00-12:00,Absent,2.23,6.5,3,7,High
22,12/1/2024,11:00-12:00,Late,4.41,6.0,6,5,High
22,12/2/2024,9:00-15:00,Absent,3.35,7.9,9,9,High
22,12/3/2024,10:00-15:00,Present,1.79,8.3,9,2,Medium
22,12/4/2024,9:00-14:00,Present,1.77,6.4,6,9,Low
22,12/5/2024,8:00-16:00,Late,3.11,5.6,5,4,Low
22,12/6/2024,10:00-14:00,Late,1.79,6.8,4,2,Medium
22,12/7/2024,10:00-14:00,Late,1.76,8.5,9,4,Medium
22,12/8/2024,8:00-15:00,Late,4.82,8.2,7,3,High
22,12/9/2024,10:00-12:00,Late,0.89,5.6,9,1,Medium
22,12/10/2024,8:00-15:00,Late,2.0,5.3,5,4,Low
22,12/11/2024,11:00-14:00,Absent,3.99,7.4,3,3,High
22,12/12/2024,8:00-14:00,Present,3.21,8.6,10,6,Medium
22,12/13/2024,11:00-14:00,Present,1.15,5.9,3,8,Low
22,12/14/2024,8:00-14:00,Present,0.74,6.4,8,5,Medium
22,12/15/2024,9:00-15:00,Absent,2.83,9.0,9,4,High
22,12/16/2024,8:00-14:00,Absent,0.63,7.5,3,4,High
22,12/17/2024,10:00-16:00,Late,3.35,7.9,3,2,Medium
22,12/18/2024,11:00-15:00,Absent,2.14,5.8,2,10,High
22,12/19/2024,8:00-15:00,Late,3.56,7.7,1,5,High
22,12/20/2024,10:00-14:00,Absent,2.33,6.5,4,4,High
22,12/21/2024,9:00-12:00,Present,1.41,8.0,9,8,Medium
22,12/22/2024,11:00-14:00,Absent,2.51,8.2,9,7,High
22,12/23/2024,10:00-12:00,Present,2.21,7.4,4,1,Medium
22,12/24/2024,8:00-13:00,Late,4.81,7.3,4,7,High
22,12/25/2024,9:00-14:00,Present,4.79,6.4,4,1,High
22,12/26/2024,10:00-12:00,Late,3.77,8.8,5,7,High
22,12/27/2024,10:00-14:00,Absent,2.14,5.4,4,6,High
22,12/28/2024,11:00-13:00,Late,0.83,7.6,9,6,Medium
22,12/29/2024,9:00-15:00,Late,4.97,7.1,7,6,High
22,12/30/2024,11:00-15:00,Absent,2.45,6.0,6,2,High
23,12/1/2024,9:00-13:00,Absent,4.14,7.3,1,2,High
23,12/2/2024,8:00-12:00,Present,4.68,6.0,7,5,High
23,12/3/2024,11:00-14:00,Present,4.09,6.0,6,3,High
23,12/4/2024,8:00-14:00,Late,4.78,8.4,1,7,High
23,12/5/2024,10:00-13:00,Absent,4.6,5.0,1,2,High
23,12/6/2024,11:00-14:00,Present,4.41,7.2,4,4,High
23,12/7/2024,8:00-14:00,Absent,3.47,5.5,5,2,High
23,12/8/2024,11:00-12:00,Absent,1.85,6.7,3,3,High
23,12/9/2024,8:00-15:00,Late,4.42,6.4,2,9,High
23,12/10/2024,10:00-14:00,Absent,4.43,6.9,2,5,High
23,12/11/2024,10:00-14:00,Present,4.91,5.8,9,10,High
23,12/12/2024,9:00-12:00,Absent,2.12,8.5,5,6,High
23,12/13/2024,11:00-16:00,Present,2.04,8.6,9,7,Medium
23,12/14/2024,9:00-15:00,Present,4.53,6.5,7,8,High
23,12/15/2024,8:00-16:00,Late,4.63,7.1,4,10,High
23,12/16/2024,8:00-16:00,Late,4.47,8.2,6,7,High
23,12/17/2024,10:00-15:00,Present,4.62,8.4,10,1,High
23,12/18/2024,9:00-13:00,Late,1.75,6.1,8,2,Medium
23,12/19/2024,11:00-13:00,Present,3.03,7.8,9,10,Medium
23,12/20/2024,10:00-14:00,Late,3.08,7.3,10,7,Medium
23,12/21/2024,11:00-13:00,Present,2.76,6.9,7,8,Low
23,12/22/2024,9:00-16:00,Late,1.77,6.7,8,1,Medium
23,12/23/2024,9:00-13:00,Absent,2.6,6.6,4,10,High
23,12/24/2024,9:00-15:00,Late,4.13,5.9,3,5,High
23,12/25/2024,10:00-16:00,Late,2.94,8.3,1,10,Low
23,12/26/2024,9:00-14:00,Absent,1.78,8.4,5,2,High
23,12/27/2024,10:00-14:00,Present,2.68,7.1,5,8,Low
23,12/28/2024,11:00-12:00,Late,0.84,8.3,1,10,Low
23,12/29/2024,11:00-12:00,Present,3.54,7.7,6,3,High
23,12/30/2024,9:00-14:00,Present,2.27,9.0,7,2,Medium
24,12/1/2024,8:00-14:00,Present,4.41,8.1,1,2,High
24,12/2/2024,9:00-16:00,Present,1.54,8.3,5,9,Low
24,12/3/2024,9:00-15:00,Absent,4.42,7.2,6,3,High
24,12/4/2024,8:00-13:00,Late,2.89,6.2,7,10,Low
24,12/5/2024,8:00-16:00,Absent,2.41,7.2,2,7,High
24,12/6/2024,10:00-14:00,Late,3.53,7.5,8,6,High
24,12/7/2024,8:00-16:00,Present,3.2,6.9,9,10,Medium
24,12/8/2024,8:00-16:00,Absent,4.69,5.3,6,1,High
24,12/9/2024,11:00-16:00,Late,4.37,6.5,3,2,High
24,12/10/2024,8:00-16:00,Absent,1.15,7.0,2,5,High
24,12/11/2024,9:00-14:00,Absent,2.94,6.4,3,10,High
24,12/12/2024,8:00-16:00,Present,0.56,7.2,5,4,Low
24,12/13/2024,9:00-14:00,Late,4.31,8.3,8,4,High
24,12/14/2024,8:00-14:00,Absent,4.71,6.7,3,10,High
24,12/15/2024,11:00-16:00,Late,0.57,8.1,4,4,Low
24,12/16/2024,8:00-12:00,Present,4.51,5.5,3,2,High
24,12/17/2024,10:00-15:00,Present,1.04,8.1,10,1,Medium
24,12/18/2024,10:00-12:00,Present,2.51,6.7,7,6,Low
24,12/19/2024,9:00-14:00,Late,3.28,8.5,3,1,Medium
24,12/20/2024,9:00-13:00,Late,3.37,5.2,9,7,Medium
24,12/21/2024,11:00-12:00,Late,3.78,6.2,6,10,High
24,12/22/2024,11:00-15:00,Late,2.6,7.3,8,6,Medium
24,12/23/2024,10:00-12:00,Present,2.1,6.2,9,6,Medium
24,12/24/2024,9:00-13:00,Present,4.75,5.6,9,7,High
24,12/25/2024,10:00-13:00,Absent,4.23,8.1,5,3,High
24,12/26/2024,10:00-14:00,Late,2.01,8.6,3,9,Low
24,12/27/2024,10:00-13:00,Late,4.55,8.5,10,3,High
24,12/28/2024,9:00-14:00,Late,3.42,5.9,9,1,Medium
24,12/29/2024,11:00-16:00,Present,2.47,8.4,4,10,Low
24,12/30/2024,11:00-15:00,Late,0.63,8.2,7,10,Low
25,12/1/2024,8:00-14:00,Absent,1.27,8.9,1,9,High
25,12/2/2024,8:00-15:00,Absent,1.98,5.4,6,3,High
25,12/3/2024,8:00-16:00,Present,1.54,5.9,4,8,Low
25,12/4/2024,11:00-16:00,Present,2.46,5.2,8,8,Medium
25,12/5/2024,11:00-12:00,Present,2.05,6.6,10,9,Medium
25,12/6/2024,8:00-16:00,Present,3.85,5.9,5,7,High
25,12/7/2024,11:00-14:00,Present,4.28,7.2,4,4,High
25,12/8/2024,10:00-15:00,Present,2.32,6.1,9,6,Medium
25,12/9/2024,8:00-13:00,Absent,0.74,8.6,1,3,High
25,12/10/2024,8:00-12:00,Late,1.85,5.9,6,4,Low
25,12/11/2024,8:00-15:00,Absent,1.99,5.1,9,7,High
25,12/12/2024,9:00-13:00,Absent,2.58,6.2,4,7,High
25,12/13/2024,11:00-16:00,Present,3.39,6.5,1,6,Low
25,12/14/2024,9:00-15:00,Absent,1.12,6.1,5,5,High
25,12/15/2024,10:00-12:00,Late,5.0,5.4,4,9,High
25,12/16/2024,9:00-16:00,Late,0.62,5.2,9,9,Medium
25,12/17/2024,10:00-14:00,Absent,2.87,5.7,10,7,High
25,12/18/2024,11:00-16:00,Late,4.84,8.8,1,5,High
25,12/19/2024,11:00-16:00,Absent,0.84,7.9,9,1,High
25,12/20/2024,9:00-12:00,Late,0.98,5.9,6,5,Low
25,12/21/2024,9:00-13:00,Absent,4.32,6.4,7,3,High
25,12/22/2024,9:00-14:00,Late,3.87,6.1,4,5,High
25,12/23/2024,10:00-14:00,Late,3.38,8.9,3,8,Low
25,12/24/2024,8:00-13:00,Absent,3.76,7.7,1,1,High
25,12/25/2024,11:00-13:00,Late,4.37,6.2,3,2,High
25,12/26/2024,10:00-13:00,Late,2.31,8.9,10,10,Medium
25,12/27/2024,8:00-14:00,Absent,1.36,7.9,1,3,High
25,12/28/2024,8:00-14:00,Absent,4.54,7.2,6,2,High
25,12/29/2024,8:00-12:00,Present,3.3,6.7,7,3,Medium
25,12/30/2024,10:00-12:00,Late,0.98,5.5,8,7,Medium
26,12/1/2024,10:00-12:00,Absent,0.62,7.9,4,1,High
26,12/2/2024,10:00-14:00,Present,3.12,7.4,1,3,Medium
26,12/3/2024,8:00-15:00,Present,1.83,8.3,1,3,Medium
26,12/4/2024,9:00-12:00,Present,3.87,5.4,6,4,High
26,12/5/2024,10:00-14:00,Late,4.69,5.5,3,6,High
26,12/6/2024,11:00-14:00,Present,2.95,8.5,5,1,Medium
26,12/7/2024,9:00-13:00,Present,0.78,7.9,8,4,Medium
26,12/8/2024,10:00-16:00,Present,3.25,8.2,3,6,Low
26,12/9/2024,10:00-12:00,Absent,2.11,6.8,10,9,High
26,12/10/2024,8:00-13:00,Present,1.83,6.1,8,3,Medium
26,12/11/2024,11:00-12:00,Late,3.29,6.9,8,2,Medium
26,12/12/2024,9:00-15:00,Absent,2.29,5.2,4,2,High
26,12/13/2024,11:00-16:00,Present,3.34,6.7,7,7,Low
26,12/14/2024,11:00-14:00,Present,3.36,7.6,5,10,Low
26,12/15/2024,10:00-14:00,Absent,2.7,6.2,6,3,High
26,12/16/2024,11:00-15:00,Late,2.59,5.9,9,3,Medium
26,12/17/2024,9:00-12:00,Present,0.88,7.6,1,5,Low
26,12/18/2024,8:00-15:00,Absent,4.1,7.5,4,2,High
26,12/19/2024,8:00-16:00,Late,1.13,6.6,3,4,Low
26,12/20/2024,8:00-14:00,Present,1.56,6.5,1,9,Low
26,12/21/2024,9:00-12:00,Absent,4.89,7.9,4,4,High
26,12/22/2024,8:00-16:00,Absent,0.54,8.0,8,5,High
26,12/23/2024,9:00-16:00,Absent,1.6,5.2,10,3,High
26,12/24/2024,11:00-13:00,Late,1.29,8.7,10,10,Medium
26,12/25/2024,8:00-16:00,Late,4.42,8.5,1,5,High
26,12/26/2024,9:00-13:00,Present,1.17,8.2,5,7,Low
26,12/27/2024,9:00-12:00,Absent,4.22,7.8,2,4,High
26,12/28/2024,8:00-14:00,Absent,0.6,8.1,9,3,High
26,12/29/2024,11:00-12:00,Present,3.64,5.2,10,5,High
26,12/30/2024,11:00-14:00,Absent,2.15,5.0,10,3,High
27,12/1/2024,11:00-13:00,Late,3.65,6.6,3,3,High
27,12/2/2024,11:00-16:00,Absent,4.27,8.4,7,10,High
27,12/3/2024,9:00-15:00,Late,1.82,5.3,7,8,Low
27,12/4/2024,10:00-14:00,Late,1.27,7.6,3,7,Low
27,12/5/2024,10:00-13:00,Present,4.58,6.9,8,10,High
27,12/6/2024,8:00-13:00,Absent,4.72,8.2,5,8,High
27,12/7/2024,9:00-15:00,Late,3.32,6.3,10,10,Medium
27,12/8/2024,9:00-14:00,Present,3.9,8.6,3,7,High
27,12/9/2024,8:00-16:00,Present,2.67,5.0,1,4,Low
27,12/10/2024,10:00-14:00,Late,1.25,8.9,5,2,Medium
27,12/11/2024,11:00-15:00,Present,1.05,5.8,10,10,Medium
27,12/12/2024,11:00-15:00,Late,4.6,8.1,7,1,High
27,12/13/2024,8:00-12:00,Present,4.35,7.8,4,3,High
27,12/14/2024,8:00-15:00,Present,2.9,5.3,2,3,Medium
27,12/15/2024,9:00-15:00,Late,4.53,8.8,2,3,High
27,12/16/2024,9:00-15:00,Absent,0.76,7.6,6,2,High
27,12/17/2024,9:00-15:00,Absent,4.94,7.1,8,2,High
27,12/18/2024,10:00-16:00,Late,2.94,5.5,1,10,Low
27,12/19/2024,8:00-12:00,Present,0.92,7.9,7,8,Low
27,12/20/2024,11:00-15:00,Present,0.56,7.3,4,2,Medium
27,12/21/2024,8:00-16:00,Absent,3.92,7.5,5,5,High
27,12/22/2024,10:00-15:00,Absent,0.92,6.3,4,4,High
27,12/23/2024,9:00-15:00,Absent,1.35,8.6,7,8,High
27,12/24/2024,8:00-15:00,Present,4.11,7.3,2,5,High
27,12/25/2024,9:00-13:00,Absent,4.45,7.4,7,1,High
27,12/26/2024,10:00-14:00,Late,2.14,7.1,6,7,Low
27,12/27/2024,10:00-12:00,Late,2.68,5.1,9,4,Medium
27,12/28/2024,8:00-13:00,Late,0.72,7.4,1,2,Medium
27,12/29/2024,10:00-15:00,Late,2.42,6.4,7,6,Low
27,12/30/2024,10:00-13:00,Present,4.53,7.6,5,5,High
28,12/1/2024,11:00-14:00,Absent,4.43,5.1,3,3,High
28,12/2/2024,8:00-14:00,Absent,4.25,5.9,5,5,High
28,12/3/2024,8:00-14:00,Late,2.17,7.3,5,6,Low
28,12/4/2024,8:00-14:00,Present,4.01,8.8,1,8,High
28,12/5/2024,9:00-12:00,Present,2.67,5.8,2,3,Medium
28,12/6/2024,10:00-12:00,Present,2.53,8.0,10,1,Medium
28,12/7/2024,8:00-15:00,Late,1.07,8.8,7,10,Low
28,12/8/2024,8:00-13:00,Late,0.98,8.0,10,3,Medium
28,12/9/2024,9:00-13:00,Present,1.27,6.3,10,7,Medium
28,12/10/2024,10:00-12:00,Absent,3.07,7.1,8,5,High
28,12/11/2024,10:00-15:00,Absent,0.97,9.0,10,6,High
28,12/12/2024,11:00-12:00,Late,3.44,6.2,10,8,Medium
28,12/13/2024,11:00-12:00,Late,2.58,7.0,10,3,Medium
28,12/14/2024,10:00-13:00,Late,1.56,5.2,4,2,Medium
28,12/15/2024,11:00-13:00,Late,3.57,7.6,10,2,High
28,12/16/2024,9:00-15:00,Present,0.82,6.8,9,7,Medium
28,12/17/2024,8:00-12:00,Absent,2.89,7.5,6,4,High
28,12/18/2024,11:00-13:00,Late,1.95,8.6,6,3,Medium
28,12/19/2024,11:00-14:00,Absent,0.83,6.8,9,4,High
28,12/20/2024,10:00-16:00,Absent,1.52,8.0,3,5,High
28,12/21/2024,11:00-12:00,Late,2.78,6.4,8,10,Medium
28,12/22/2024,8:00-12:00,Late,1.36,6.2,1,8,Low
28,12/23/2024,9:00-13:00,Late,2.78,8.6,5,2,Medium
28,12/24/2024,10:00-12:00,Present,2.09,6.9,7,2,Medium
28,12/25/2024,10:00-15:00,Present,3.35,5.4,3,5,Low
28,12/26/2024,11:00-13:00,Late,3.25,7.9,10,6,Medium
28,12/27/2024,11:00-13:00,Present,3.25,8.6,9,3,Medium
28,12/28/2024,8:00-14:00,Late,4.94,5.9,6,2,High
28,12/29/2024,11:00-16:00,Present,2.51,6.0,1,3,Medium
28,12/30/2024,8:00-12:00,Late,2.04,5.8,5,10,Low
29,12/1/2024,10:00-15:00,Absent,4.44,5.7,7,2,High
29,12/2/2024,9:00-16:00,Present,3.98,6.9,5,7,High
29,12/3/2024,8:00-16:00,Present,2.54,6.9,5,6,Low
29,12/4/2024,11:00-16:00,Late,4.97,5.8,1,3,High
29,12/5/2024,10:00-13:00,Absent,3.38,6.6,5,8,High
29,12/6/2024,10:00-14:00,Absent,1.7,5.1,4,2,High
29,12/7/2024,10:00-13:00,Late,1.13,6.0,6,2,Medium
29,12/8/2024,11:00-12:00,Present,3.75,6.6,9,7,High
29,12/9/2024,10:00-13:00,Late,0.87,5.3,3,3,Medium
29,12/10/2024,11:00-15:00,Present,1.43,6.6,8,4,Medium
29,12/11/2024,8:00-16:00,Absent,4.41,6.6,5,8,High
29,12/12/2024,11:00-13:00,Present,4.73,5.8,3,1,High
29,12/13/2024,9:00-13:00,Present,1.31,5.5,9,1,Medium
29,12/14/2024,8:00-16:00,Absent,3.53,7.1,10,2,High
29,12/15/2024,9:00-12:00,Absent,2.67,5.1,3,10,High
29,12/16/2024,9:00-12:00,Late,3.5,7.6,10,8,Medium
29,12/17/2024,8:00-12:00,Present,3.96,5.0,3,4,High
29,12/18/2024,8:00-16:00,Absent,3.78,6.2,9,4,High
29,12/19/2024,10:00-14:00,Late,1.35,8.8,5,2,Medium
29,12/20/2024,8:00-12:00,Late,0.57,6.4,4,8,Low
29,12/21/2024,9:00-12:00,Absent,3.39,8.1,8,2,High
29,12/22/2024,10:00-16:00,Absent,3.37,6.4,8,7,High
29,12/23/2024,9:00-12:00,Absent,3.0,7.9,10,7,High
29,12/24/2024,11:00-13:00,Present,2.48,6.2,7,10,Low
29,12/25/2024,10:00-14:00,Absent,4.95,5.5,6,1,High
29,12/26/2024,9:00-15:00,Absent,3.11,8.1,10,5,High
29,12/27/2024,9:00-12:00,Late,4.85,7.7,6,9,High
29,12/28/2024,11:00-13:00,Present,2.34,6.6,2,2,Medium
29,12/29/2024,8:00-16:00,Late,4.28,8.1,2,10,High
29,12/30/2024,11:00-15:00,Absent,4.4,8.4,2,8,High
30,12/1/2024,10:00-12:00,Present,1.4,5.5,3,1,Medium
30,12/2/2024,8:00-16:00,Absent,1.32,6.0,5,5,High
30,12/3/2024,11:00-13:00,Absent,1.46,5.8,8,9,High
30,12/4/2024,9:00-16:00,Late,0.67,8.6,10,6,Medium
30,12/5/2024,10:00-16:00,Absent,2.09,7.3,1,3,High
30,12/6/2024,11:00-16:00,Absent,1.72,5.8,8,1,High
30,12/7/2024,11:00-13:00,Late,4.95,8.2,3,4,High
30,12/8/2024,8:00-14:00,Absent,2.38,7.4,8,4,High
30,12/9/2024,8:00-13:00,Late,3.13,5.1,9,3,Medium
30,12/10/2024,8:00-15:00,Present,2.72,8.0,3,5,Low
30,12/11/2024,8:00-15:00,Absent,1.05,5.3,3,1,High
30,12/12/2024,9:00-15:00,Absent,4.13,8.4,7,4,High
30,12/13/2024,11:00-12:00,Present,4.28,7.3,8,10,High
30,12/14/2024,11:00-12:00,Present,1.1,8.1,8,9,Medium
30,12/15/2024,8:00-14:00,Present,0.84,7.3,2,2,Medium
30,12/16/2024,9:00-14:00,Absent,3.36,5.5,5,1,High
30,12/17/2024,10:00-16:00,Absent,2.17,6.6,2,8,High
30,12/18/2024,8:00-15:00,Late,2.93,7.9,9,5,Medium
30,12/19/2024,8:00-15:00,Absent,4.94,6.6,2,4,High
30,12/20/2024,11:00-15:00,Present,2.06,7.0,5,3,Medium
30,12/21/2024,10:00-15:00,Absent,1.02,8.6,2,4,High
30,12/22/2024,10:00-16:00,Absent,1.41,7.9,4,4,High
30,12/23/2024,11:00-16:00,Late,3.69,7.4,3,6,High
30,12/24/2024,11:00-15:00,Absent,1.98,6.6,4,9,High
30,12/25/2024,9:00-15:00,Present,3.51,8.4,5,7,High
30,12/26/2024,10:00-12:00,Absent,0.64,7.6,1,10,High
30,12/27/2024,9:00-12:00,Late,1.12,7.7,8,10,Medium
30,12/28/2024,8:00-13:00,Present,3.81,5.3,6,3,High
30,12/29/2024,8:00-12:00,Absent,2.49,6.9,2,10,High
30,12/30/2024,11:00-16:00,Present,3.12,8.6,9,6,Medium
31,12/1/2024,9:00-12:00,Present,2.66,8.4,9,8,Medium
31,12/2/2024,8:00-16:00,Present,3.54,6.8,10,6,High
31,12/3/2024,9:00-16:00,Present,4.6,8.6,3,7,High
31,12/4/2024,11:00-14:00,Absent,3.33,5.6,4,1,High
31,12/5/2024,10:00-13:00,Late,1.47,5.1,2,6,Low
31,12/6/2024,8:00-14:00,Late,2.4,7.2,9,7,Medium
31,12/7/2024,10:00-15:00,Present,3.24,8.3,8,10,Medium
31,12/8/2024,11:00-15:00,Late,4.0,5.2,4,2,High
31,12/9/2024,10:00-15:00,Present,4.16,5.9,4,10,High
31,12/10/2024,9:00-12:00,Absent,4.29,7.6,8,3,High
31,12/11/2024,9:00-12:00,Present,1.94,6.0,10,5,Medium
31,12/12/2024,10:00-16:00,Present,4.8,5.5,9,1,High
31,12/13/2024,11:00-14:00,Absent,4.62,5.3,6,1,High
31,12/14/2024,10:00-14:00,Present,3.86,8.4,3,1,High
31,12/15/2024,8:00-16:00,Absent,0.72,7.1,1,4,High
31,12/16/2024,11:00-15:00,Absent,2.33,8.8,2,4,High
31,12/17/2024,11:00-13:00,Absent,3.83,6.3,3,5,High
31,12/18/2024,9:00-15:00,Late,3.78,5.4,9,9,High
31,12/19/2024,10:00-15:00,Absent,3.45,8.5,4,10,High
31,12/20/2024,11:00-16:00,Present,1.27,7.6,8,4,Medium
31,12/21/2024,10:00-12:00,Present,2.94,5.2,1,6,Low
31,12/22/2024,11:00-12:00,Present,3.84,6.8,9,6,High
31,12/23/2024,9:00-16:00,Absent,0.74,5.5,4,9,High
31,12/24/2024,9:00-13:00,Present,1.89,6.9,3,5,Low
31,12/25/2024,8:00-12:00,Present,4.57,6.0,9,5,High
31,12/26/2024,11:00-13:00,Late,4.0,8.1,8,9,High
31,12/27/2024,8:00-13:00,Present,3.9,5.4,3,2,High
31,12/28/2024,9:00-16:00,Late,4.78,7.0,9,2,High
31,12/29/2024,11:00-16:00,Absent,0.99,8.9,1,1,High
31,12/30/2024,10:00-15:00,Present,0.64,5.0,8,2,Medium
32,12/1/2024,11:00-16:00,Present,2.99,8.9,9,5,Medium
32,12/2/2024,9:00-14:00,Late,3.88,6.3,1,5,High
32,12/3/2024,8:00-15:00,Late,4.83,6.8,2,1,High
32,12/4/2024,10:00-15:00,Absent,3.03,6.9,3,8,High
32,12/5/2024,11:00-14:00,Present,3.81,8.6,5,3,High
32,12/6/2024,10:00-15:00,Late,1.86,6.1,4,4,Low
32,12/7/2024,9:00-16:00,Late,2.51,7.8,1,4,Low
32,12/8/2024,9:00-15:00,Late,2.35,5.8,1,5,Low
32,12/9/2024,8:00-12:00,Absent,1.93,7.1,1,10,High
32,12/10/2024,11:00-15:00,Late,3.99,9.0,7,2,High
32,12/11/2024,9:00-16:00,Absent,2.59,5.0,8,10,High
32,12/12/2024,8:00-16:00,Present,1.4,7.6,2,4,Low
32,12/13/2024,11:00-12:00,Present,3.86,6.8,4,6,High
32,12/14/2024,8:00-12:00,Absent,4.81,6.5,10,2,High
32,12/15/2024,8:00-12:00,Present,2.93,6.7,6,9,Low
32,12/16/2024,10:00-15:00,Late,3.54,5.0,5,9,High
32,12/17/2024,10:00-13:00,Absent,4.54,6.2,8,3,High
32,12/18/2024,10:00-15:00,Present,4.64,8.1,10,2,High
32,12/19/2024,10:00-16:00,Present,1.54,8.7,4,3,Medium
32,12/20/2024,8:00-14:00,Present,2.04,5.6,4,8,Low
32,12/21/2024,9:00-15:00,Absent,0.77,8.0,10,2,High
32,12/22/2024,11:00-14:00,Absent,1.73,8.6,4,4,High
32,12/23/2024,9:00-15:00,Late,1.25,8.6,10,7,Medium
32,12/24/2024,8:00-16:00,Present,2.83,8.3,1,9,Low
32,12/25/2024,11:00-12:00,Present,2.69,6.5,1,10,Low
32,12/26/2024,8:00-13:00,Late,2.71,5.2,5,9,Low
32,12/27/2024,8:00-15:00,Late,0.51,5.9,5,9,Low
32,12/28/2024,8:00-12:00,Present,4.09,6.9,6,3,High
32,12/29/2024,10:00-13:00,Late,1.89,8.9,1,10,Low
32,12/30/2024,10:00-14:00,Absent,1.97,7.3,7,8,High
33,12/1/2024,8:00-15:00,Late,3.85,7.5,7,1,High
33,12/2/2024,9:00-14:00,Absent,2.74,7.1,4,5,High
33,12/3/2024,10:00-13:00,Present,4.71,8.6,7,8,High
33,12/4/2024,9:00-15:00,Present,2.91,5.4,4,5,Low
33,12/5/2024,10:00-14:00,Absent,0.7,9.0,1,8,High
33,12/6/2024,11:00-16:00,Present,2.5,6.0,1,5,Low
33,12/7/2024,11:00-16:00,Absent,1.56,5.0,8,4,High
33,12/8/2024,8:00-13:00,Present,3.72,5.5,7,9,High
33,12/9/2024,11:00-14:00,Late,2.27,6.7,10,7,Medium
33,12/10/2024,11:00-14:00,Present,4.34,6.0,4,2,High
33,12/11/2024,8:00-16:00,Present,2.16,8.3,8,10,Medium
33,12/12/2024,10:00-12:00,Present,4.47,5.3,1,5,High
33,12/13/2024,11:00-16:00,Present,3.4,5.1,1,3,Medium
33,12/14/2024,9:00-13:00,Late,0.53,7.5,8,7,Medium
33,12/15/2024,11:00-14:00,Late,1.66,5.4,1,7,Low
33,12/16/2024,11:00-14:00,Late,3.84,7.9,5,6,High
33,12/17/2024,10:00-13:00,Absent,2.96,8.1,1,9,High
33,12/18/2024,10:00-16:00,Late,1.52,6.1,4,8,Low
33,12/19/2024,11:00-16:00,Absent,4.93,7.8,2,10,High
33,12/20/2024,11:00-14:00,Late,4.66,7.9,10,1,High
33,12/21/2024,11:00-12:00,Present,1.96,7.2,4,8,Low
33,12/22/2024,8:00-14:00,Absent,0.84,8.1,4,1,High
33,12/23/2024,9:00-14:00,Late,4.51,8.9,5,5,High
33,12/24/2024,11:00-15:00,Late,4.64,5.9,2,8,High
33,12/25/2024,9:00-12:00,Present,3.77,6.4,7,10,High
33,12/26/2024,11:00-13:00,Absent,4.7,7.8,8,8,High
33,12/27/2024,8:00-12:00,Late,2.49,8.4,2,9,Low
33,12/28/2024,9:00-13:00,Late,2.35,8.8,10,3,Medium
33,12/29/2024,8:00-16:00,Absent,1.85,6.1,6,8,High
33,12/30/2024,8:00-12:00,Absent,4.48,6.6,4,1,High
34,12/1/2024,11:00-16:00,Late,2.12,7.5,6,8,Low
34,12/2/2024,9:00-12:00,Late,3.87,7.6,6,4,High
34,12/3/2024,9:00-14:00,Late,2.28,7.4,8,9,Medium
34,12/4/2024,8:00-12:00,Absent,2.87,5.7,8,5,High
34,12/5/2024,8:00-16:00,Late,1.46,8.9,3,8,Low
34,12/6/2024,11:00-12:00,Absent,2.18,5.3,1,10,High
34,12/7/2024,8:00-12:00,Absent,3.57,8.5,8,1,High
34,12/8/2024,10:00-12:00,Late,1.23,6.9,4,5,Low
34,12/9/2024,11:00-15:00,Late,3.19,7.5,1,9,Low